Title,BranchName,BlockCode,BlockName,SiteCode,SiteName,IsActive,SortOrder
EAO111,営業部,EAO11W,富山ブロック,EAO111,黒部,TRUE,1
EAO113,営業部,EAO11W,富山ブロック,EAO113,立山,TRUE,2
EAO115,営業部,EAO11W,富山ブロック,EAO115,戸出,TRUE,3
EAO114,営業部,EAO11W,富山ブロック,EAO114,高岡SS,TRUE,4
EAO411,営業部,EAO11W,富山ブロック,EAO411,砺波ASC,TRUE,5
EAO412,営業部,EAO11W,富山ブロック,EAO412,滑川SC,TRUE,6
EAO11W,営業部,EAO11W,富山ブロック,EAO11W,富山ブロック,TRUE,7
EAO122,営業部,EAO12B,石川ブロック,EAO122,白山,TRUE,8
EAO126,営業部,EAO12B,石川ブロック,EAO126,河内SS(白山支店),TRUE,9
EAO124,営業部,EAO12B,石川ブロック,EAO124,津幡,TRUE,10
EAO125,営業部,EAO12B,石川ブロック,EAO125,のと,TRUE,11
EAO127,営業部,EAO12B,石川ブロック,EAO127,加賀,TRUE,12
EAO421,営業部,EAO12B,石川ブロック,EAO421,松任ASC,TRUE,13
EAO12B,営業部,EAO12B,石川ブロック,EAO12B,石川ブロック,TRUE,14
EAO131,営業部,EAO13W,福井ブロック,EAO131,勝山,TRUE,15
EAO132,営業部,EAO13W,福井ブロック,EAO132,大野,TRUE,16
EAO133,営業部,EAO13W,福井ブロック,EAO133,鯖江,TRUE,17
EAO134,営業部,EAO13W,福井ブロック,EAO134,福井,TRUE,18
EAO135,営業部,EAO13W,福井ブロック,EAO135,丸岡,TRUE,19
EAO431,営業部,EAO13W,福井ブロック,EAO431,福井ASC,TRUE,20
EAO13W,営業部,EAO13W,福井ブロック,EAO13W,福井ブロック,TRUE,21
EAO142,営業部,EAO14A,岐阜ブロック,EAO142,本巣,TRUE,22
EAO145,営業部,EAO14A,岐阜ブロック,EAO145,美濃加茂,TRUE,23
EAO146,営業部,EAO14A,岐阜ブロック,EAO146,養老,TRUE,24
EAO148,営業部,EAO14A,岐阜ブロック,EAO148,郡上,TRUE,25
EAO441,営業部,EAO14A,岐阜ブロック,EAO441,岐阜ASC,TRUE,26
EAO14A,営業部,EAO14A,岐阜ブロック,EAO14A,岐阜ブロック,TRUE,27
EAO161,営業部,EAO16A,愛知ブロック,EAO161,稲沢,TRUE,28
EAO164,営業部,EAO16A,愛知ブロック,EAO164,江南,TRUE,29
EAO163,営業部,EAO16A,愛知ブロック,EAO163,アグリショップみよし,TRUE,30
EAO165,営業部,EAO16A,愛知ブロック,EAO165,安城,TRUE,31
EAO461,営業部,EAO16A,愛知ブロック,EAO461,愛知ASC,TRUE,32
EAO16A,営業部,EAO16A,愛知ブロック,EAO16A,愛知ブロック,TRUE,33
EAO172,営業部,EAO17E,三重ブロック,EAO172,久居,TRUE,34
EAO173,営業部,EAO17E,三重ブロック,EAO173,中勢,TRUE,35
EAO179,営業部,EAO17E,三重ブロック,EAO179,伊賀,TRUE,36
EAO176,営業部,EAO17E,三重ブロック,EAO176,伊勢,TRUE,37
EAO177,営業部,EAO17E,三重ブロック,EAO177,松阪,TRUE,38
EAO178,営業部,EAO17E,三重ブロック,EAO178,熊野,TRUE,39
EAO471,営業部,EAO17E,三重ブロック,EAO471,三重ASC,TRUE,40
EAO17E,営業部,EAO17E,三重ブロック,EAO17E,三重ブロック,TRUE,41
EAO196,営業部,EAO1C6,南近畿ブロック,EAO196,京都南,TRUE,42
EAO1A1,営業部,EAO1C6,南近畿ブロック,EAO1A1,高槻,TRUE,43
EAO1C2,営業部,EAO1C6,南近畿ブロック,EAO1C2,奈良,TRUE,44
EAO1C3,営業部,EAO1C6,南近畿ブロック,EAO1C3,郡山,TRUE,45
EAO1C4,営業部,EAO1C6,南近畿ブロック,EAO1C4,天理,TRUE,46
EAO1C8,営業部,EAO1C6,南近畿ブロック,EAO1C8,橿原,TRUE,47
EAO1D1,営業部,EAO1C6,南近畿ブロック,EAO1D1,和歌山,TRUE,48
EAO4C1,営業部,EAO1C6,南近畿ブロック,EAO4C1,郡山ASC,TRUE,49
EAO1C6,営業部,EAO1C6,南近畿ブロック,EAO1C6,南近畿ブロック,TRUE,50
EAO185,営業部,EAO18U,滋賀ブロック,EAO185,湖北,TRUE,51
EAO187,営業部,EAO18U,滋賀ブロック,EAO187,長浜,TRUE,52
EAO18B,営業部,EAO18U,滋賀ブロック,EAO18B,湖東,TRUE,53
EAO18G,営業部,EAO18U,滋賀ブロック,EAO18G,湖南,TRUE,54
EAO18H,営業部,EAO18U,滋賀ブロック,EAO18H,湖西,TRUE,55
EAO481,営業部,EAO18U,滋賀ブロック,EAO481,長浜ASC,TRUE,56
EAO482,営業部,EAO18U,滋賀ブロック,EAO482,湖南ASC,TRUE,57
EAO483,営業部,EAO18U,滋賀ブロック,EAO483,甲賀SC,TRUE,58
EAO18U,営業部,EAO18U,滋賀ブロック,EAO18U,滋賀ブロック,TRUE,59
EAO192,営業部,EAO199,京都ブロック,EAO192,京丹後,TRUE,60
EAO193,営業部,EAO199,京都ブロック,EAO193,福知山,TRUE,61
EAO194,営業部,EAO199,京都ブロック,EAO194,南丹,TRUE,62
EAO199,営業部,EAO199,京都ブロック,EAO199,京都ブロック,TRUE,63
EAO1B4,営業部,EAO1BI,兵庫ブロック,EAO1B4,篠山,TRUE,64
EAO1B5,営業部,EAO1BI,兵庫ブロック,EAO1B5,三田,TRUE,65
EAO1BA,営業部,EAO1BI,兵庫ブロック,EAO1BA,三木,TRUE,66
EAO1BL,営業部,EAO1BI,兵庫ブロック,EAO1BL,神戸西,TRUE,67
EAO1B6,営業部,EAO1BI,兵庫ブロック,EAO1B6,西脇,TRUE,68
EAO1B8,営業部,EAO1BI,兵庫ブロック,EAO1B8,はりま,TRUE,69
EAO1B9,営業部,EAO1BI,兵庫ブロック,EAO1B9,社,TRUE,70
EAO4B1,営業部,EAO1BI,兵庫ブロック,EAO4B1,中播ASC,TRUE,71
EAO1BI,営業部,EAO1BI,兵庫ブロック,EAO1BI,兵庫ブロック,TRUE,72
EAO1BC,営業部,EAO1BJ,淡路ブロック,EAO1BC,北淡路,TRUE,73
EAO1BE,営業部,EAO1BJ,淡路ブロック,EAO1BE,南あわじ,TRUE,74
EAO4B2,営業部,EAO1BJ,淡路ブロック,EAO4B2,あわじSC,TRUE,75
EAO1BJ,営業部,EAO1BJ,淡路ブロック,EAO1BJ,淡路ブロック,TRUE,76
EAO211,販売部,EAO2ZZ,販売部（ブロック未設定）,EAO211,販売（富山）,TRUE,77
EAO222,販売部,EAO2ZZ,販売部（ブロック未設定）,EAO222,販売（石川）,TRUE,78
EAO231,販売部,EAO2ZZ,販売部（ブロック未設定）,EAO231,販売（福井）,TRUE,79
EAO241,販売部,EAO2ZZ,販売部（ブロック未設定）,EAO241,販売（岐阜）,TRUE,80
EAO251,販売部,EAO2ZZ,販売部（ブロック未設定）,EAO251,販売（静岡）,TRUE,81
EAO261,販売部,EAO2ZZ,販売部（ブロック未設定）,EAO261,販売（愛知）,TRUE,82
EAO271,販売部,EAO2ZZ,販売部（ブロック未設定）,EAO271,販売（三重）,TRUE,83
EAO283,販売部,EAO2ZZ,販売部（ブロック未設定）,EAO283,販売（滋賀北）,TRUE,84
EAO284,販売部,EAO2ZZ,販売部（ブロック未設定）,EAO284,販売（滋賀南）,TRUE,85
EAO291,販売部,EAO2ZZ,販売部（ブロック未設定）,EAO291,販売（京都）,TRUE,86
EAO2A1,販売部,EAO2ZZ,販売部（ブロック未設定）,EAO2A1,販売（大阪）,TRUE,87
EAO2B2,販売部,EAO2ZZ,販売部（ブロック未設定）,EAO2B2,販売（兵庫北）,TRUE,88
EAO2B3,販売部,EAO2ZZ,販売部（ブロック未設定）,EAO2B3,販売（兵庫南）,TRUE,89
EAO2B4,販売部,EAO2ZZ,販売部（ブロック未設定）,EAO2B4,販売（兵庫阪奈和Ｇ）,TRUE,90
EAO2C1,販売部,EAO2ZZ,販売部（ブロック未設定）,EAO2C1,販売（奈良）,TRUE,91
EAO2D1,販売部,EAO2ZZ,販売部（ブロック未設定）,EAO2D1,販売（和歌山）,TRUE,92
EAO311,系統推進部,EAO3ZZ,系統推進部（ブロック未設定）,EAO311,系統中近Ｇ（富山）,TRUE,93
EAO322,系統推進部,EAO3ZZ,系統推進部（ブロック未設定）,EAO322,系統中近Ｇ（石川）,TRUE,94
EAO331,系統推進部,EAO3ZZ,系統推進部（ブロック未設定）,EAO331,系統中近Ｇ（福井）,TRUE,95
EAO341,系統推進部,EAO3ZZ,系統推進部（ブロック未設定）,EAO341,系統中近Ｇ（岐阜）,TRUE,96
EAO351,系統推進部,EAO3ZZ,系統推進部（ブロック未設定）,EAO351,系統中近Ｇ（静岡）,TRUE,97
EAO361,系統推進部,EAO3ZZ,系統推進部（ブロック未設定）,EAO361,系統中近Ｇ（愛知）,TRUE,98
EAO371,系統推進部,EAO3ZZ,系統推進部（ブロック未設定）,EAO371,系統中近Ｇ（三重）,TRUE,99
EAO382,系統推進部,EAO3ZZ,系統推進部（ブロック未設定）,EAO382,系統中近Ｇ（滋賀）,TRUE,100
EAO384,系統推進部,EAO3ZZ,系統推進部（ブロック未設定）,EAO384,系統中近Ｇ,TRUE,101
EAO391,系統推進部,EAO3ZZ,系統推進部（ブロック未設定）,EAO391,系統中近Ｇ（京都）,TRUE,102
EAO3B1,系統推進部,EAO3ZZ,系統推進部（ブロック未設定）,EAO3B1,系統中近Ｇ（兵庫）,TRUE,103
EAO3C1,系統推進部,EAO3ZZ,系統推進部（ブロック未設定）,EAO3C1,系統中近Ｇ（奈良）,TRUE,104
EAO3D1,系統推進部,EAO3ZZ,系統推進部（ブロック未設定）,EAO3D1,系統中近Ｇ（和歌山）,TRUE,105
